term,df,sumsq,meansq,statistic,p.value
subject,28,119303.0626419179,4260.823665782782,1.2354481071483345,0.3248646521495404
stage,1,10.073965796748322,10.073965796748322,0.002920999072319805,0.9574936438894304
treatment,1,312.96674929602773,312.96674929602773,0.09074634585872031,0.766682713337378
Residuals,18,62078.54910322161,3448.8082835123114,NA,NA
