term,estimate,std.error,statistic,p.value
Treatment,-3.43956310814645,2.410073331372111,-1.427161183592794,0.17710981667715034
Control,-0.009868819331699882,3.7613263819375846,-0.0026237604317166765,0.997943564927601
