term,estimate,std.error,statistic,p.value
Treatment,-0.33837498401249333,1.0764247881527467,-0.3143507913759389,0.7568689697818886
Control,0.600129688543785,1.422389775868155,0.4219164807884647,0.6778214607689521
