term,estimate,std.error,statistic,p.value
Treatment,-3.4395631081464524,2.41007333137211,-1.4271611835927958,0.17710981667714976
Control,-0.009868819331706503,3.761326381937587,-0.0026237604317184355,0.9979435649275996
